138,67187500;39,55078125;-308,59375000;25,20000076;34,50000000;-56,54999924
14,64843750;-20,99609375;-1006,34765625;24,00000000;34,65000153;-54,59999847
-25,87890625;-1770,50781250;-30,76171875;24,14999962;34,20000076;-54,45000076
83,00781250;313,47656250;-1824,70703125;22,04999924;38,09999847;-57,15000153
670,89843750;837,40234375;-819,82421875;-1,04999995;62,54999924;-61,34999847
575,68359375;-48,33984375;-213,37890625;-12,44999981;71,55000305;-52,04999924
-419,43359375;716,30859375;-957,51953125;18,29999924;70,50000000;-50,25000000
-775,87890625;-81,54296875;-825,68359375;40,50000000;59,84999847;-38,25000000
-790,52734375;-867,18750000;-715,82031250;50,40000153;40,04999924;-18,00000000
-766,60156250;-1181,15234375;-968,75000000;47,09999847;19,35000038;-1,50000000
-587,40234375;-754,39453125;-275,87890625;25,95000076;-4,94999981;2,84999990
68,84765625;-1100,58593750;-5,85937500;0,15000001;-13,94999981;-3,00000000
446,28906250;-664,55078125;368,16406250;-28,20000076;-5,25000000;-14,85000038
993,16406250;-689,94140625;208,00781250;-39,29999924;10,05000019;-24,29999924
961,91406250;-581,05468750;67,38281250;-39,59999847;24,00000000;-36,59999847
542,96875000;67,87109375;-269,04296875;-25,50000000;55,50000000;-48,29999924
-327,14843750;820,31250000;-642,57812500;5,84999990;74,55000305;-44,09999847
-453,12500000;42,96875000;-824,70703125;32,40000153;68,69999695;-36,15000153
-880,37109375;-101,56250000;-392,57812500;47,09999847;57,75000000;-23,10000038
-1195,31250000;-309,57031250;-292,96875000;51,90000153;47,84999847;-1,50000000
-1161,13281250;-431,15234375;-319,82421875;43,34999847;31,20000076;15,14999962
-771,97265625;-833,49609375;-355,95703125;34,95000076;19,50000000;22,64999962
-651,85546875;-1110,83984375;-311,52343750;27,00000000;2,09999990;13,19999981
-325,19531250;-1084,96093750;-748,53515625;7,05000019;-12,30000019;-5,84999990
321,77734375;-1111,81640625;-111,81640625;-16,35000038;-6,15000010;-31,04999924
752,44140625;-674,80468750;61,03515625;-32,09999847;13,50000000;-38,54999924
966,30859375;-190,91796875;-88,86718750;-39,75000000;40,65000153;-40,50000000
-263,67187500;342,77343750;-359,86328125;-17,25000000;65,84999847;-49,50000000
-517,57812500;-97,16796875;-979,49218750;27,14999962;67,19999695;-42,00000000
-1074,70703125;-105,46875000;-680,66406250;49,04999924;49,95000076;-23,39999962
-1702,63671875;688,47656250;309,08203125;48,75000000;25,35000038;-2,09999990
-1315,91796875;33,20312500;314,45312500;35,40000153;33,29999924;27,29999924
-843,26171875;-282,71484375;387,20703125;17,25000000;41,70000076;42,90000153
-531,73828125;-111,81640625;442,87109375;5,69999981;45,15000153;42,90000153
-567,38281250;-27,34375000;747,07031250;4,05000019;47,25000000;43,50000000
-676,26953125;203,12500000;866,69921875;7,19999981;46,65000153;43,95000076
-516,11328125;-39,06250000;736,81640625;8,55000019;47,25000000;42,29999924
-496,09375000;-231,44531250;613,76953125;8,69999981;47,40000153;42,15000153
-1032,71484375;-388,18359375;489,74609375;15,14999962;48,00000000;40,50000000
-1434,08203125;-298,33984375;543,45703125;24,00000000;40,79999924;36,00000000
-945,31250000;-640,62500000;394,53125000;22,64999962;30,29999924;36,15000153
-1050,29296875;1488,76953125;586,42578125;25,64999962;16,79999924;28,50000000
-104,00390625;-2000,00000000;-1639,16015625;34,95000076;22,04999924;22,79999924
-1932,12890625;206,54296875;363,28125000;33,45000076;18,75000000;20,70000076
-2000,00000000;1999,93896484;310,54687500;36,29999924;21,60000038;22,79999924
-112,79296875;-2000,00000000;-327,14843750;36,59999847;28,50000000;23,85000038
-492,18750000;-2000,00000000;-541,99218750;38,84999847;29,70000076;22,79999924
-2000,00000000;1838,86718750;612,30468750;39,29999924;28,95000076;21,29999924
-1385,25390625;542,48046875;-543,45703125;43,34999847;30,45000076;16,95000076
-98,14453125;-2000,00000000;-1552,24609375;47,09999847;33,90000153;11,39999962
-664,55078125;-1581,54296875;306,64062500;48,29999924;29,10000038;4,65000010
-1916,01562500;1474,60937500;980,95703125;48,75000000;27,14999962;0,00000000
-1735,35156250;1740,72265625;-685,05859375;48,90000153;28,95000076;-3,45000005
-1042,48046875;-140,13671875;-728,02734375;50,09999847;27,00000000;-8,10000038
110,83984375;-2000,00000000;-1861,32812500;51,59999847;31,95000076;-12,14999962
-1077,63671875;452,63671875;-290,52734375;46,34999847;28,20000076;-20,54999924
-1506,83593750;1999,93896484;-191,89453125;47,09999847;27,75000000;-26,39999962
-408,69140625;-1563,47656250;-2000,00000000;45,90000153;39,75000000;-31,20000076
-256,34765625;-1324,21875000;-446,77734375;41,70000076;36,00000000;-42,00000000
-1708,98437500;1999,93896484;654,78515625;33,59999847;25,79999924;-42,45000076
-528,80859375;-1156,73828125;-2000,00000000;36,75000000;34,95000076;-41,54999924
1354,49218750;-2000,00000000;-2000,00000000;34,34999847;42,45000076;-46,95000076
-335,44921875;-469,23828125;-964,35546875;17,70000076;27,75000000;-54,90000153
-1120,60546875;1999,93896484;954,10156250;16,95000076;28,95000076;-53,84999847
265,13671875;-862,79296875;-2000,00000000;16,50000000;42,00000000;-55,34999847
996,09375000;-1956,05468750;-2000,00000000;3,45000005;32,84999847;-58,65000153
-580,56640625;1425,78125000;371,58203125;-7,94999981;18,14999962;-51,59999847
32,71484375;1002,92968750;-178,22265625;-18,29999924;49,34999847;-54,59999847
1999,93896484;-638,18359375;-2000,00000000;-28,20000076;46,04999924;-50,70000076
463,37890625;-785,64453125;502,92968750;-34,65000153;30,29999924;-43,50000000
316,89453125;860,35156250;587,89062500;-38,25000000;33,29999924;-36,45000076
1673,82812500;405,76171875;-592,28515625;-39,75000000;48,00000000;-38,70000076
1295,41015625;-881,83593750;-671,38671875;-44,40000153;39,75000000;-34,50000000
-17,08984375;-1757,81250000;1138,67187500;-45,90000153;30,45000076;-23,10000038
1009,76562500;1054,19921875;-1111,32812500;-47,40000153;42,75000000;-21,29999924
1450,19531250;509,76562500;-465,82031250;-48,90000153;40,79999924;-16,50000000
560,54687500;-983,39843750;854,49218750;-49,50000000;29,85000038;-9,00000000
804,19921875;250,48828125;639,64843750;-49,04999924;32,25000000;-7,19999981
777,34375000;1523,43750000;-18,55468750;-49,04999924;44,09999847;-5,84999990
890,13671875;-773,43750000;534,17968750;-48,15000153;35,54999924;2,25000000
-225,09765625;-2000,00000000;838,37890625;-48,59999847;32,84999847;7,34999990
908,69140625;-662,59765625;880,85937500;-47,84999847;39,29999924;8,55000019
1192,87109375;-103,51562500;222,16796875;-46,20000076;36,00000000;8,69999981
141,60156250;-1390,62500000;1028,32031250;-43,65000153;29,70000076;13,64999962
1020,99609375;609,86328125;264,16015625;-46,65000153;36,59999847;14,69999981
951,17187500;477,05078125;56,15234375;-48,00000000;38,70000076;13,05000019
68,84765625;-1170,41015625;1305,66406250;-41,54999924;30,45000076;19,79999924
950,19531250;483,88671875;318,84765625;-42,00000000;38,70000076;20,70000076
550,78125000;364,25781250;416,01562500;-40,79999924;42,00000000;21,75000000
-48,33984375;-887,69531250;1640,13671875;-33,29999924;31,20000076;29,70000076
725,58593750;231,44531250;1177,73437500;-33,45000076;38,40000153;30,29999924
319,82421875;780,27343750;420,89843750;-30,29999924;41,70000076;31,95000076
-277,34375000;-737,30468750;1477,05078125;-24,29999924;33,59999847;35,25000000
-192,87109375;-1250,00000000;1010,25390625;-23,85000038;37,95000076;36,90000153
160,64453125;1027,83203125;891,60156250;-27,14999962;44,84999847;36,45000076
-37,59765625;-280,76171875;1512,69531250;-16,35000038;36,45000076;40,95000076
-607,42187500;-1098,14453125;597,16796875;-10,05000019;34,95000076;42,00000000
-437,50000000;-243,65234375;148,92578125;-7,94999981;35,54999924;43,65000153
170,89843750;262,69531250;1090,33203125;-2,40000010;33,59999847;42,45000076
-834,47265625;-1168,45703125;921,38671875;6,75000000;33,59999847;42,15000153
-560,54687500;341,30859375;386,23046875;5,09999990;33,75000000;41,54999924
-601,07421875;507,32421875;376,46484375;7,19999981;30,45000076;40,65000153
-653,80859375;-1917,96875000;1514,16015625;18,89999962;30,75000000;37,20000076
-714,35546875;-16,11328125;160,15625000;21,75000000;28,95000076;34,04999924
-914,55078125;524,90234375;488,76953125;20,85000038;26,85000038;35,40000153
-791,50390625;-470,21484375;952,63671875;26,39999962;27,14999962;29,85000038
-649,41406250;-680,17578125;929,19921875;26,54999924;31,95000076;33,75000000
-1082,03125000;1189,45312500;-89,35546875;14,69999981;33,15000153;39,90000153
-351,07421875;-510,74218750;1621,09375000;15,75000000;33,15000153;38,84999847
-622,55859375;-1067,38281250;-51,75781250;8,10000038;38,40000153;42,75000000
-161,62109375;-17,08984375;92,28515625;-2,70000005;43,50000000;42,45000076
-969,72656250;-188,47656250;1650,87890625;-6,59999990;46,50000000;43,04999924
410,64453125;664,06250000;1999,93896484;-18,14999962;44,84999847;39,00000000
527,83203125;679,68750000;-854,49218750;-32,54999924;48,90000153;29,70000076
-62,01171875;393,55468750;958,98437500;-32,54999924;52,79999924;28,95000076
130,85937500;175,29296875;1563,47656250;-33,90000153;57,15000153;25,95000076
289,06250000;-1304,68750000;1381,34765625;-39,75000000;49,95000076;21,45000076
1030,27343750;198,24218750;339,35546875;-43,34999847;58,50000000;7,80000019
935,05859375;449,21875000;70,80078125;-43,95000076;55,34999847;6,44999981
958,98437500;63,96484375;1393,06640625;-48,15000153;50,09999847;2,70000005
1064,94140625;857,42187500;-81,54296875;-48,29999924;49,50000000;-9,75000000
344,72656250;463,86718750;1055,17578125;-44,09999847;58,50000000;-17,70000076
1562,01171875;474,12109375;-273,43750000;-42,45000076;57,15000153;-26,54999924
851,56250000;-982,91015625;390,62500000;-41,09999847;40,50000000;-31,50000000
-82,51953125;8,30078125;-676,26953125;-29,39999962;61,79999924;-39,45000076
1673,82812500;-130,85937500;-1186,52343750;-22,50000000;63,15000153;-46,20000076
412,10937500;-225,58593750;128,41796875;-24,00000000;43,95000076;-51,59999847
-241,69921875;457,51953125;326,17187500;-8,85000038;59,09999847;-51,15000153
1387,20703125;-528,32031250;-1541,01562500;-4,94999981;57,45000076;-54,15000153
12,20703125;1220,70312500;116,21093750;2,40000010;38,09999847;-57,45000076
-1033,69140625;555,17578125;-2000,00000000;24,14999962;57,90000153;-49,34999847
259,27734375;-1113,76953125;-1480,46875000;29,25000000;58,50000000;-43,95000076
-1382,81250000;1999,93896484;-900,87890625;38,54999924;38,09999847;-40,34999847
-1241,21093750;-953,61328125;-926,75781250;50,25000000;49,50000000;-24,75000000
-566,40625000;-1213,86718750;-1728,02734375;48,59999847;48,15000153;-20,25000000
-2000,00000000;1999,93896484;752,44140625;50,09999847;35,09999847;-0,15000001
-226,07421875;-2000,00000000;-2000,00000000;45,15000153;35,84999847;15,44999981
-1765,13671875;240,23437500;-602,53906250;47,25000000;37,65000153;13,05000019
-2000,00000000;1824,70703125;-85,44921875;40,95000076;32,54999924;19,35000038
1999,93896484;-2000,00000000;-2000,00000000;43,65000153;34,34999847;18,00000000
-1838,37890625;1912,10937500;115,23437500;46,34999847;31,95000076;8,10000038
-1909,66796875;-739,25781250;-59,08203125;48,90000153;28,20000076;3,75000000
229,98046875;-2000,00000000;-1502,44140625;51,59999847;34,65000153;-14,39999962
-1121,09375000;1999,93896484;-235,35156250;45,15000153;27,00000000;-28,64999962
-233,88671875;-20,50781250;-2000,00000000;47,09999847;43,20000076;-31,50000000
-382,81250000;-919,43359375;-78,61328125;33,59999847;55,50000000;-47,25000000
-853,51562500;1999,93896484;-375,00000000;36,59999847;58,95000076;-38,84999847
-356,93359375;-412,59765625;-381,34765625;36,45000076;70,19999695;-32,09999847
-255,85937500;700,68359375;-892,57812500;40,04999924;65,40000153;-30,75000000
-475,58593750;950,19531250;-549,31640625;38,25000000;77,25000000;-13,05000019
-282,22656250;-267,57812500;45,41015625;36,00000000;81,00000000;-9,44999981
-790,52734375;1999,93896484;-277,34375000;38,84999847;79,65000153;-8,55000019
60,54687500;-258,30078125;-0,97656250;29,54999924;84,30000305;0,44999999
-577,63671875;1999,93896484;634,76562500;35,84999847;78,59999847;7,80000019
474,60937500;-293,94531250;-633,78906250;29,85000038;77,40000153;14,69999981
-1258,78906250;1679,19921875;1739,25781250;41,70000076;69,15000153;12,75000000
198,24218750;-561,03515625;-136,71875000;28,04999924;73,19999695;23,10000038
-1210,93750000;245,60546875;1680,66406250;39,59999847;60,15000153;20,54999924
417,48046875;-96,19140625;-901,36718750;27,29999924;61,20000076;33,75000000
-1446,28906250;41,01562500;1999,93896484;39,00000000;48,29999924;25,95000076
661,62109375;-110,35156250;-1381,34765625;24,14999962;55,34999847;37,95000076
-1436,52343750;-544,92187500;1999,93896484;38,54999924;48,59999847;28,20000076
623,04687500;-261,23046875;-1434,08203125;22,04999924;59,25000000;36,59999847
-1272,46093750;96,67968750;1999,93896484;34,34999847;52,79999924;29,70000076
741,21093750;-312,50000000;-1334,96093750;18,75000000;65,40000153;37,34999847
-1489,25781250;1999,93896484;1999,93896484;35,84999847;65,40000153;24,29999924
712,40234375;-1240,23437500;-1532,22656250;18,29999924;80,09999847;24,89999962
-1104,00390625;1999,93896484;1855,46875000;31,04999924;82,80000305;4,50000000
414,55078125;-1684,57031250;-176,26953125;12,14999962;88,65000153;-21,89999962
-44,92187500;1999,93896484;-1892,08984375;18,29999924;81,15000153;-34,79999924
122,55859375;-780,76171875;373,53515625;0,30000001;71,40000153;-48,15000153
23,92578125;893,55468750;-2000,00000000;15,00000000;58,50000000;-53,09999847
62,01171875;-559,08203125;527,34375000;1,64999998;48,59999847;-57,90000153
198,24218750;-85,93750000;-2000,00000000;11,10000038;37,65000153;-57,29999924
230,95703125;-416,99218750;469,23828125;-2,84999990;14,55000019;-49,34999847
317,87109375;-1140,62500000;-1930,66406250;3,59999990;4,19999981;-44,09999847
136,23046875;-295,89843750;-223,63281250;-7,19999981;-4,34999990;-31,20000076
379,88281250;-1363,28125000;-543,94531250;-7,05000019;-6,44999981;-25,50000000
-161,13281250;193,84765625;293,94531250;-11,10000038;-9,89999962;-4,65000010
339,84375000;-1449,70703125;604,00390625;-4,34999990;-6,15000010;18,14999962
225,58593750;92,28515625;478,51562500;-10,35000038;6,15000010;33,90000153
571,28906250;-303,22265625;1724,12109375;0,60000002;14,55000019;40,50000000
161,13281250;309,57031250;929,19921875;-4,34999990;13,80000019;41,25000000
185,54687500;-496,09375000;1429,68750000;-1,04999995;12,60000038;40,50000000
213,37890625;188,47656250;422,85156250;-8,85000038;10,64999962;37,65000153
59,08203125;100,09765625;1999,93896484;6,30000019;39,15000153;45,29999924
-193,84765625;742,67578125;-407,22656250;5,09999990;77,25000000;34,34999847
-213,86718750;1259,76562500;347,65625000;15,44999981;89,25000000;18,00000000
-7,32421875;567,87109375;-498,53515625;7,80000019;96,75000000;-2,54999995
-241,69921875;1748,53515625;9,76562500;14,69999981;93,15000153;-15,89999962
-140,62500000;-362,79296875;-969,23828125;6,44999981;88,50000000;-31,95000076
-298,33984375;1363,76953125;-1126,46484375;10,80000019;82,19999695;-41,54999924
-93,75000000;-375,97656250;-447,75390625;5,09999990;67,65000153;-52,20000076
-233,88671875;828,12500000;-1343,26171875;15,89999962;69,44999695;-50,70000076
-62,50000000;-104,98046875;-431,15234375;7,94999981;60,90000153;-56,40000153
-154,29687500;833,49609375;-1527,83203125;16,35000038;64,94999695;-52,65000153
-49,31640625;89,84375000;-747,55859375;7,19999981;58,20000076;-54,59999847
-163,57421875;778,32031250;-1431,15234375;14,69999981;64,34999847;-52,04999924
-70,31250000;283,20312500;-684,57031250;10,19999981;62,40000153;-53,54999924
-214,35546875;386,71875000;-1196,28906250;14,85000038;65,69999695;-52,20000076
-36,62109375;878,41796875;-1056,15234375;10,35000038;67,94999695;-51,90000153
-154,29687500;868,65234375;-856,44531250;12,14999962;83,40000153;-40,50000000
231,44531250;1753,90625000;500,00000000;5,84999990;96,44999695;-3,90000010
-71,28906250;-41,99218750;-817,38281250;0,15000001;88,19999695;21,00000000
219,72656250;1508,78906250;1459,47265625;6,44999981;86,55000305;24,29999924
105,46875000;242,67578125;-585,44921875;12,89999962;70,19999695;38,70000076
-97,65625000;476,07421875;1999,93896484;19,04999924;63,59999847;40,65000153
-23,43750000;568,84765625;-1195,31250000;9,75000000;45,90000153;48,29999924
-217,77343750;-1037,10937500;1999,93896484;24,00000000;33,59999847;41,84999847
-3,41796875;1308,59375000;-552,24609375;6,30000019;24,14999962;45,59999847
175,29296875;-1745,60546875;1530,27343750;14,85000038;14,85000038;40,20000076
-54,68750000;1303,22265625;151,85546875;11,25000000;0,89999998;27,60000038
-139,16015625;-2000,00000000;375,00000000;12,89999962;-8,69999981;-2,84999990
-275,87890625;62,98828125;-498,04687500;2,84999990;-10,64999962;3,15000010
-72,26562500;-1823,24218750;481,93359375;0,60000002;-11,10000038;-12,30000019
-374,02343750;-23,92578125;139,16015625;5,40000010;-7,34999990;-24,29999924
-40,03906250;-0,48828125;-189,45312500;-1,79999995;-2,25000000;-35,40000153
-94,72656250;-498,53515625;-964,35546875;11,55000019;6,44999981;-43,79999924
-48,33984375;118,65234375;175,78125000;6,59999990;11,39999962;-47,84999847
540,03906250;-752,92968750;-2000,00000000;10,19999981;27,00000000;-57,45000076
16,60156250;577,63671875;270,99609375;5,84999990;60,29999924;-55,50000000
164,06250000;1999,93896484;-2000,00000000;22,35000038;74,55000305;-41,25000000
91,30859375;-331,05468750;697,75390625;15,44999981;90,44999695;-22,35000038
-141,60156250;1999,93896484;-666,99218750;24,14999962;90,30000305;-13,05000019
59,57031250;-392,57812500;309,57031250;17,70000076;89,69999695;1,95000005
-87,89062500;1999,93896484;729,98046875;23,54999924;80,09999847;23,85000038
-432,61718750;-3,41796875;281,25000000;23,85000038;79,50000000;24,75000000
-178,22265625;485,83984375;1030,27343750;18,29999924;75,44999695;30,75000000
-36,13281250;658,69140625;623,04687500;18,89999962;64,50000000;39,45000076
-230,46875000;-622,55859375;329,58984375;12,44999981;60,15000153;43,20000076
80,56640625;998,53515625;1630,37109375;20,10000038;49,20000076;43,79999924
-224,60937500;-1083,49609375;-272,94921875;14,39999962;43,34999847;46,79999924
-11,71875000;464,35546875;1999,93896484;21,60000038;28,04999924;41,54999924
271,97265625;-845,70312500;-74,21875000;12,89999962;3,45000005;28,50000000
-142,57812500;-1718,26171875;1681,64062500;13,35000038;-5,25000000;13,50000000
202,14843750;-315,42968750;-338,86718750;7,19999981;-9,30000019;2,70000005
-207,51953125;-895,99609375;285,64453125;9,44999981;-9,30000019;-12,89999962
-196,28906250;-521,48437500;119,14062500;7,80000019;-7,19999981;-19,64999962
-220,70312500;1007,81250000;-473,63281250;-3,45000005;5,09999990;-42,15000153
294,92187500;-1483,88671875;-908,20312500;8,55000019;7,19999981;-42,75000000
-135,25390625;1610,83984375;245,11718750;4,80000019;14,55000019;-49,95000076
310,05859375;-1839,35546875;-1848,14453125;13,35000038;26,10000038;-52,20000076
-296,38671875;1406,25000000;100,58593750;12,00000000;39,29999924;-54,59999847
767,57812500;-1740,72265625;-2000,00000000;13,64999962;54,15000153;-54,00000000
135,74218750;1108,39843750;-246,58203125;14,69999981;68,55000305;-48,00000000
155,76171875;634,76562500;-1595,21484375;13,64999962;80,25000000;-38,70000076
10,25390625;977,05078125;-485,83984375;17,10000038;85,19999695;-28,79999924
-200,19531250;-22,94921875;-34,17968750;15,75000000;91,94999695;-7,34999990
-378,90625000;1999,93896484;596,19140625;32,70000076;81,44999695;13,05000019
-458,00781250;-908,69140625;768,55468750;22,35000038;81,00000000;24,00000000
-144,53125000;1999,93896484;1102,53906250;26,70000076;74,84999847;26,54999924
-443,84765625;-1201,66015625;908,69140625;21,14999962;76,80000305;29,85000038
-145,99609375;1880,85937500;1186,52343750;22,50000000;57,45000076;41,40000153
188,96484375;-211,42578125;1002,44140625;19,04999924;49,65000153;44,40000153
-336,91406250;867,67578125;976,56250000;20,54999924;45,45000076;43,65000153
-13,18359375;80,07812500;854,00390625;23,85000038;40,34999847;43,04999924
-143,06640625;-174,80468750;411,13281250;21,29999924;25,79999924;41,40000153
-7,81250000;-267,57812500;1587,40234375;24,45000076;3,45000005;23,70000076
-298,82812500;54,19921875;-2000,00000000;19,79999924;-3,59999990;3,45000005
-563,96484375;-2000,00000000;1477,53906250;27,45000076;-1,79999995;-12,00000000
240,23437500;-234,86328125;-1198,24218750;21,60000038;-2,54999995;-20,10000038
-748,04687500;-2000,00000000;1999,93896484;26,70000076;-3,75000000;-16,35000038
35,64453125;-972,16796875;-214,84375000;26,39999962;-2,25000000;6,90000010
-864,74609375;354,00390625;1305,66406250;24,89999962;1,04999995;20,10000038
-128,41796875;-719,72656250;610,35156250;23,10000038;30,29999924;42,00000000
-437,50000000;540,52734375;1351,56250000;20,10000038;64,94999695;36,90000153
-33,20312500;1465,33203125;279,78515625;22,35000038;86,40000153;17,10000038
-250,48828125;429,68750000;-1021,97265625;14,25000000;90,90000153;-21,00000000
76,17187500;1076,17187500;-1200,68359375;17,70000076;72,75000000;-45,75000000
-8,78906250;-225,09765625;-635,25390625;9,00000000;60,15000153;-55,34999847
122,07031250;172,85156250;-1610,83984375;12,14999962;54,90000153;-57,75000000
27,34375000;847,16796875;200,19531250;1,35000002;48,00000000;-58,79999924
749,02343750;770,99609375;-1083,00781250;6,59999990;54,45000076;-57,29999924
262,69531250;-1206,54296875;1843,26171875;7,80000019;41,84999847;-59,09999847
238,28125000;-1215,82031250;-710,93750000;13,64999962;5,69999981;-44,09999847
-247,07031250;-822,26562500;46,87500000;15,00000000;-10,05000019;5,55000019
111,32812500;-1033,69140625;730,46875000;12,44999981;-2,09999990;25,35000038
-464,35546875;313,47656250;573,73046875;1,79999995;4,19999981;32,84999847
78,61328125;-1899,90234375;1203,12500000;10,94999981;2,09999990;31,50000000
-895,99609375;1999,93896484;-604,98046875;-4,05000019;9,14999962;35,40000153
-242,67578125;-2000,00000000;1777,83203125;35,09999847;19,35000038;26,10000038
-254,88281250;1999,93896484;-662,10937500;8,69999981;12,75000000;38,54999924
-371,09375000;-2000,00000000;1550,78125000;36,00000000;21,89999962;28,04999924
-249,51171875;1999,93896484;-851,56250000;11,10000038;14,55000019;39,00000000
-1406,73828125;-2000,00000000;1999,93896484;39,00000000;21,00000000;23,70000076
-1973,63281250;1571,28906250;-2000,00000000;5,09999990;19,95000076;43,04999924
-536,62109375;-76,17187500;1999,93896484;32,54999924;6,59999990;15,14999962
-1636,71875000;-2000,00000000;-263,18359375;24,00000000;25,50000000;39,29999924
-1896,48437500;1765,13671875;310,54687500;5,84999990;13,35000038;40,20000076
-1912,59765625;-2000,00000000;1340,33203125;40,20000076;21,45000076;16,79999924
-961,91406250;696,28906250;-2000,00000000;-9,44999981;23,54999924;42,90000153
-842,77343750;-2000,00000000;1999,93896484;29,85000038;-0,15000001;10,05000019
-2000,00000000;-2000,00000000;-2000,00000000;4,94999981;24,00000000;43,65000153
-2000,00000000;1141,11328125;854,98046875;5,69999981;3,15000010;33,45000076
-1394,04296875;-2000,00000000;1660,15625000;31,35000038;23,25000000;31,95000076
-924,80468750;1999,93896484;-1174,80468750;-15,44999981;27,45000076;43,95000076
-1076,17187500;-2000,00000000;1999,93896484;35,09999847;8,25000000;19,04999924
-1526,85546875;-1104,98046875;-2000,00000000;-6,75000000;20,85000038;43,20000076
-883,78906250;-618,65234375;1983,88671875;-2,70000005;-3,59999990;23,85000038
-12,20703125;-2000,00000000;-520,50781250;5,84999990;-1,79999995;26,25000000
146,48437500;527,34375000;133,30078125;-14,69999981;-1,20000005;21,29999924
1945,80078125;-2000,00000000;-193,84765625;-22,04999924;-9,00000000;-0,44999999
-1035,15625000;909,17968750;587,89062500;-43,65000153;13,50000000;-9,60000038
1999,93896484;309,57031250;-109,86328125;-51,15000153;30,89999962;-15,89999962
-814,45312500;1919,43359375;917,48046875;-50,09999847;35,54999924;-0,89999998
1999,93896484;-666,99218750;-802,73437500;-52,79999924;41,09999847;-9,44999981
-69,33593750;919,92187500;174,31640625;-49,50000000;41,40000153;-1,79999995
1168,45703125;-1109,86328125;-998,04687500;-50,54999924;48,29999924;-10,19999981
1277,34375000;1243,65234375;259,76562500;-49,50000000;49,95000076;-12,00000000
-417,48046875;-1713,37890625;-681,64062500;-49,34999847;39,75000000;-9,60000038
1750,00000000;1105,46875000;446,77734375;-48,29999924;52,20000076;-4,34999990
-53,71093750;-1559,57031250;-206,05468750;-50,25000000;38,40000153;4,65000010
1999,93896484;1,95312500;201,17187500;-49,50000000;44,84999847;9,00000000
-538,08593750;-1661,13281250;-29,78515625;-46,34999847;45,15000153;12,60000038
1999,93896484;1974,60937500;11,23046875;-41,09999847;60,15000153;18,00000000
161,62109375;-1501,95312500;325,68359375;-40,95000076;49,50000000;24,45000076
1999,93896484;1999,93896484;1999,93896484;-40,04999924;48,59999847;24,60000038
60,05859375;-2000,00000000;-1145,99609375;-42,15000153;46,65000153;22,79999924
1658,69140625;1760,74218750;1959,47265625;-43,95000076;35,25000000;21,14999962
-43,45703125;-854,49218750;-2000,00000000;-47,70000076;24,89999962;7,65000010
1999,93896484;386,71875000;1999,93896484;-42,00000000;15,30000019;14,55000019
-363,28125000;-30,76171875;-1480,95703125;-43,20000076;13,80000019;-1,35000002
1645,01953125;-649,41406250;600,58593750;-48,90000153;23,25000000;-13,19999981
-214,35546875;741,21093750;-2000,00000000;-47,09999847;24,75000000;-18,75000000
1164,06250000;-2000,00000000;779,78515625;-49,04999924;28,04999924;-15,60000038
461,91406250;827,63671875;-630,37109375;-48,59999847;31,95000076;-19,79999924
1596,19140625;-2000,00000000;776,85546875;-48,00000000;28,35000038;-18,89999962
677,24609375;1360,35156250;-104,98046875;-48,59999847;32,84999847;-23,10000038
1247,07031250;-2000,00000000;-1125,97656250;-47,70000076;41,09999847;-25,20000076
26,85546875;1441,40625000;1041,01562500;-42,75000000;68,40000153;-18,89999962
1999,93896484;763,67187500;-2000,00000000;-39,45000076;74,09999847;-5,40000010
-337,89062500;-964,84375000;1999,93896484;-46,34999847;56,25000000;11,10000038
1999,93896484;1114,74609375;-927,73437500;-50,09999847;54,75000000;-7,34999990
-296,38671875;6,34765625;1616,21093750;-48,29999924;57,15000153;-2,84999990
1612,30468750;-70,31250000;-1179,19921875;-45,75000000;64,94999695;-17,54999924
-385,74218750;164,55078125;1788,08593750;-44,84999847;66,59999847;-13,64999962
1463,37890625;968,75000000;-1528,32031250;-39,59999847;68,09999847;-24,60000038
255,37109375;310,05859375;368,65234375;-47,70000076;54,45000076;-21,45000076
1237,79296875;-1141,60156250;465,82031250;-47,09999847;38,09999847;-24,60000038
322,26562500;974,12109375;-899,41406250;-48,75000000;29,85000038;-21,89999962
973,63281250;-74,70703125;-11,23046875;-48,29999924;22,64999962;-13,05000019
1726,07421875;-1839,35546875;499,51171875;-48,15000153;25,04999924;-18,00000000
307,61718750;1999,93896484;-1137,20703125;-48,90000153;25,04999924;-15,14999962
1381,34765625;-989,25781250;1809,08203125;-48,00000000;19,95000076;-4,65000010
22,46093750;816,89453125;-923,33984375;-47,84999847;22,79999924;-9,30000019
1089,84375000;-503,41796875;491,69921875;-51,59999847;42,00000000;-11,10000038
207,51953125;874,51171875;-282,71484375;-50,40000153;47,84999847;-13,19999981
1015,62500000;252,92968750;20,50781250;-46,65000153;61,20000076;-8,55000019
750,97656250;-502,44140625;-72,26562500;-46,95000076;53,70000076;8,39999962
388,18359375;-577,63671875;982,91015625;-45,15000153;44,70000076;16,50000000
1999,93896484;1315,42968750;-476,07421875;-44,40000153;40,50000000;18,00000000
-162,10937500;-1533,20312500;398,92578125;-43,65000153;35,09999847;18,45000076
446,77734375;-767,08984375;397,94921875;-45,45000076;37,95000076;17,10000038
1999,93896484;634,76562500;-797,85156250;-47,70000076;41,84999847;15,30000019
-8,30078125;-1069,82421875;673,33984375;-46,20000076;41,09999847;16,04999924
1155,76171875;-192,87109375;184,57031250;-47,70000076;48,00000000;7,94999981
1447,75390625;-198,73046875;-833,98437500;-49,34999847;47,84999847;1,20000005
701,17187500;-465,82031250;154,29687500;-51,29999924;47,25000000;-2,54999995
1051,26953125;-357,91015625;388,18359375;-51,15000153;39,29999924;-7,80000019
869,14062500;297,36328125;-89,35546875;-50,09999847;38,09999847;-13,64999962
1048,82812500;-941,89453125;250,97656250;-49,34999847;28,95000076;-11,39999962
424,31640625;-296,38671875;-111,32812500;-47,70000076;21,89999962;-7,94999981
903,80859375;-738,76953125;1344,72656250;-45,15000153;14,69999981;3,45000005
732,91015625;-410,15625000;827,63671875;-43,34999847;17,39999962;16,20000076
362,79296875;-711,91406250;-2000,00000000;-45,90000153;28,20000076;14,69999981
1073,24218750;366,21093750;1125,97656250;-42,15000153;28,95000076;21,00000000
742,67578125;-307,61718750;546,38671875;-41,25000000;33,75000000;25,95000076
1104,98046875;-656,25000000;734,37500000;-40,95000076;36,90000153;26,25000000
1277,83203125;1198,73046875;1999,93896484;-40,20000076;37,20000076;27,75000000
727,53906250;-977,05078125;-693,84765625;-43,50000000;31,04999924;20,10000038
920,41015625;768,55468750;617,67578125;-42,59999847;37,79999924;24,29999924
508,78906250;-458,98437500;-1011,71875000;-43,65000153;40,04999924;20,54999924
966,30859375;182,12890625;531,73828125;-40,04999924;53,54999924;26,39999962
1040,52734375;1044,43359375;1300,78125000;-33,45000076;56,09999847;31,79999924
285,64453125;-384,76562500;844,72656250;-37,34999847;63,90000153;18,75000000
1999,93896484;416,99218750;-2000,00000000;-45,45000076;66,00000000;-3,90000010
-53,22265625;41,50390625;1543,45703125;-47,09999847;61,65000153;-8,55000019
1999,93896484;-1705,56640625;-2000,00000000;-47,40000153;57,00000000;-15,14999962
-419,43359375;1153,80859375;1999,93896484;-49,79999924;51,45000076;-13,50000000
1576,66015625;-1104,49218750;-934,57031250;-48,29999924;46,50000000;-22,20000076
187,50000000;713,86718750;823,73046875;-48,90000153;44,25000000;-20,54999924
1118,16406250;81,54296875;-468,26171875;-48,59999847;42,45000076;-26,39999962
1096,19140625;130,37109375;-937,50000000;-47,40000153;43,50000000;-23,54999924
532,71484375;1018,06640625;693,35937500;-48,00000000;47,25000000;-22,64999962
1581,05468750;-880,85937500;-1460,93750000;-49,34999847;46,65000153;-16,95000076
413,57421875;114,74609375;883,30078125;-48,15000153;50,84999847;-13,64999962
1559,08203125;603,51562500;389,64843750;-46,20000076;55,65000153;7,19999981
-291,99218750;-934,57031250;393,55468750;-39,00000000;49,95000076;23,70000076
983,88671875;540,03906250;1999,93896484;-18,89999962;53,70000076;39,75000000
-191,89453125;-284,17968750;-116,21093750;-13,19999981;45,45000076;41,09999847
512,20703125;308,10546875;781,25000000;-3,15000010;49,34999847;43,20000076
-1012,69531250;415,03906250;1734,86328125;11,25000000;48,59999847;42,15000153
-243,16406250;564,94140625;-2000,00000000;17,85000038;51,00000000;39,45000076
-1443,35937500;-697,26562500;1999,93896484;22,64999962;56,09999847;35,09999847
-440,91796875;451,17187500;-2000,00000000;19,35000038;49,95000076;37,95000076
-950,68359375;-646,97265625;1999,93896484;27,75000000;61,20000076;30,75000000
-4,39453125;480,95703125;-2000,00000000;19,04999924;47,84999847;38,54999924
-1226,07421875;-1205,56640625;1999,93896484;24,75000000;63,59999847;30,45000076
-78,61328125;926,26953125;-2000,00000000;-0,60000002;36,45000076;43,50000000
359,86328125;-874,02343750;1999,93896484;-1,04999995;49,50000000;44,09999847
-576,66015625;-738,28125000;-1651,85546875;-33,59999847;48,59999847;29,70000076
1163,08593750;1065,91796875;1999,93896484;-34,79999924;60,15000153;23,54999924
-171,38671875;-895,01953125;-1055,17578125;-48,90000153;50,09999847;-1,95000005
539,06250000;-276,36718750;846,67968750;-47,70000076;51,00000000;1,04999995
1875,48828125;907,71484375;395,99609375;-48,59999847;47,84999847;-18,00000000
-843,75000000;-340,82031250;611,32812500;-46,95000076;44,54999924;-22,64999962
1553,22265625;1067,87109375;-1320,80078125;-29,70000076;44,54999924;-47,09999847
-1318,35937500;-82,51953125;-680,17578125;-14,85000038;45,59999847;-54,45000076
1369,14062500;1700,68359375;-1655,76171875;-9,44999981;52,79999924;-54,90000153
-2000,00000000;-560,54687500;-1407,71484375;4,19999981;45,90000153;-54,59999847
1643,55468750;1691,89453125;-1391,11328125;9,75000000;48,90000153;-53,84999847
-2000,00000000;-631,83593750;-1062,50000000;25,04999924;49,65000153;-48,75000000
1591,79687500;709,96093750;-1036,62109375;25,64999962;52,20000076;-47,84999847
-2000,00000000;-1218,75000000;-300,29296875;40,20000076;53,70000076;-35,70000076
1348,63281250;-101,07421875;23,43750000;36,75000000;50,25000000;-42,29999924
-2000,00000000;-1190,91796875;550,29296875;44,70000076;53,70000076;-27,75000000
610,35156250;206,54296875;-265,13671875;38,84999847;51,59999847;-35,54999924
-1404,29687500;-454,58984375;558,59375000;44,09999847;57,00000000;-30,14999962
-713,37890625;331,54296875;-74,70703125;41,84999847;53,54999924;-31,95000076
-439,45312500;-102,05078125;137,20703125;41,25000000;54,90000153;-31,04999924
-1263,18359375;246,58203125;-86,91406250;39,59999847;56,54999924;-34,04999924
-843,26171875;-241,21093750;-227,05078125;38,70000076;57,90000153;-33,90000153
-583,49609375;-63,47656250;-1422,85156250;25,20000076;55,65000153;-47,40000153
-1886,23046875;937,98828125;-1631,34765625;-28,04999924;58,95000076;-45,45000076
-823,24218750;-457,51953125;-69,33593750;-48,15000153;43,95000076;10,35000038
-1940,42968750;1100,58593750;1246,09375000;-0,60000002;54,15000153;43,79999924
-774,41406250;1157,22656250;356,44531250;36,00000000;66,00000000;23,70000076
-1794,43359375;304,19921875;965,82031250;40,95000076;70,65000153;-11,25000000
-430,17578125;816,40625000;69,82421875;38,54999924;61,20000076;-34,50000000
-1759,76562500;-834,47265625;-486,32812500;33,90000153;59,54999924;-40,20000076
-394,53125000;-521,48437500;-1620,11718750;35,84999847;56,25000000;-40,34999847
-1290,52734375;-784,66796875;-1300,29296875;33,59999847;62,40000153;-38,54999924
-745,11718750;-302,73437500;419,92187500;27,75000000;51,29999924;-48,29999924
-1047,85156250;855,46875000;-839,35546875;17,25000000;51,29999924;-51,59999847
-453,61328125;-584,96093750;-2000,00000000;12,00000000;54,00000000;-52,34999847
-682,61718750;-1174,31640625;1213,37890625;2,09999990;46,79999924;-55,50000000
-890,62500000;1125,97656250;606,44531250;2,84999990;39,45000076;-55,50000000
-452,63671875;-439,45312500;-2000,00000000;6,30000019;36,00000000;-54,75000000
-907,71484375;-2000,00000000;-648,43750000;4,94999981;36,59999847;-55,65000153
-1334,47265625;1999,93896484;-866,21093750;-1,79999995;38,40000153;-55,20000076
-1517,57812500;428,22265625;-2000,00000000;14,85000038;37,20000076;-53,25000000
-2000,00000000;-2000,00000000;-2000,00000000;20,10000038;39,45000076;-49,65000153
-693,84765625;1999,93896484;1680,66406250;21,00000000;24,00000000;-45,75000000
-697,26562500;119,14062500;-1650,39062500;34,79999924;25,50000000;-34,04999924
-1740,72265625;-2000,00000000;1667,96875000;36,59999847;36,29999924;-36,00000000
-1110,35156250;1999,93896484;1557,61718750;36,45000076;23,70000076;-31,79999924
-1697,75390625;-2000,00000000;365,23437500;38,54999924;44,25000000;-32,25000000
-2000,00000000;1999,93896484;-86,42578125;38,70000076;33,75000000;-34,34999847
-2000,00000000;-1902,34375000;-351,07421875;38,09999847;54,75000000;-31,95000076
-2000,00000000;1467,77343750;-485,83984375;40,50000000;48,00000000;-29,54999924
-1973,63281250;342,77343750;-544,43359375;35,40000153;66,44999695;-26,25000000
-1491,69921875;-402,34375000;167,96875000;34,04999924;73,94999695;-22,04999924
-1176,75781250;1999,93896484;-1554,68750000;40,95000076;67,19999695;-16,04999924
-2000,00000000;-2000,00000000;628,41796875;27,89999962;80,69999695;-15,30000019
-537,10937500;1999,93896484;1538,57421875;39,45000076;75,30000305;-9,44999981
-1638,18359375;-2000,00000000;1277,34375000;9,44999981;90,44999695;-8,10000038
1279,29687500;1999,93896484;1999,93896484;20,10000038;87,59999847;1,79999995
-853,51562500;-2000,00000000;-602,05078125;-17,39999962;88,65000153;-2,54999995
890,13671875;1999,93896484;1444,33593750;-11,69999981;82,34999847;25,35000038
-790,03906250;-2000,00000000;-1674,31640625;-40,20000076;66,00000000;7,94999981
1999,93896484;1565,91796875;1999,93896484;-38,09999847;68,84999847;9,60000038
-884,76562500;-2000,00000000;-1108,88671875;-45,75000000;56,40000153;-17,54999924
1999,93896484;1382,81250000;698,73046875;-46,50000000;62,25000000;-16,35000038
-522,46093750;-1705,07812500;-436,52343750;-38,84999847;57,75000000;-32,70000076
1999,93896484;1087,89062500;-910,15625000;-40,95000076;59,84999847;-27,75000000
-344,23828125;-468,75000000;-1049,31640625;-39,75000000;52,95000076;-32,84999847
1750,97656250;1999,93896484;-433,10546875;-39,75000000;52,20000076;-32,84999847
-27,83203125;631,83593750;-474,60937500;-39,45000076;32,54999924;-32,09999847
-811,03515625;-1474,60937500;-1884,76562500;-21,89999962;21,45000076;-44,84999847
-116,69921875;176,75781250;-346,67968750;-38,54999924;20,54999924;-28,64999962
-200,68359375;316,40625000;-587,40234375;-26,25000000;11,69999981;-35,54999924
478,02734375;489,25781250;-675,29296875;-19,79999924;10,50000000;-36,29999924
-260,74218750;-420,89843750;-279,29687500;-4,19999981;10,50000000;-41,40000153
343,26171875;319,33593750;-716,79687500;1,79999995;6,90000010;-40,50000000
-657,22656250;606,93359375;192,38281250;15,14999962;22,95000076;-45,59999847
-643,55468750;-512,69531250;-914,55078125;32,54999924;32,84999847;-38,84999847
-73,24218750;1381,34765625;802,24609375;34,79999924;30,89999962;-38,54999924
-2000,00000000;-1813,96484375;-1574,70703125;47,70000076;47,54999924;-18,14999962
595,21484375;1999,93896484;185,54687500;44,09999847;33,90000153;-23,54999924
-2000,00000000;-2000,00000000;-1555,17578125;49,50000000;46,04999924;-15,30000019
898,43750000;1999,93896484;-2000,00000000;30,14999962;4,94999981;-3,59999990
-2000,00000000;-2000,00000000;1999,93896484;40,04999924;18,60000038;10,64999962
112,79296875;593,26171875;-2000,00000000;12,60000038;22,20000076;37,65000153
-692,87109375;-1129,88281250;1999,93896484;17,70000076;48,90000153;40,65000153
198,24218750;-1176,75781250;-395,50781250;-5,55000019;58,34999847;41,54999924
669,92187500;1999,93896484;1999,93896484;-0,89999998;72,00000000;34,50000000
-1754,39453125;-2000,00000000;-2000,00000000;-28,79999924;75,44999695;15,44999981
487,30468750;1999,93896484;968,26171875;-17,10000038;83,69999695;18,60000038
-1031,25000000;-2000,00000000;-272,46093750;-43,50000000;64,94999695;-10,19999981
1999,93896484;1999,93896484;723,14453125;-34,79999924;76,65000153;-14,39999962
-1288,08593750;-2000,00000000;-1927,73437500;-46,95000076;46,50000000;-23,39999962
1999,93896484;1999,93896484;469,23828125;-38,54999924;68,09999847;-21,00000000
-1793,94531250;-2000,00000000;-1963,37890625;-42,45000076;37,65000153;-28,50000000
1999,93896484;1999,93896484;-2000,00000000;-31,20000076;45,59999847;-47,84999847
-788,57421875;148,92578125;505,37109375;-33,45000076;33,00000000;-42,29999924
-811,52343750;-748,53515625;-560,54687500;-16,50000000;30,14999962;-52,34999847
-92,77343750;841,30859375;1029,78515625;-27,00000000;30,45000076;-45,75000000
-1545,41015625;-1701,17187500;-1094,72656250;-4,80000019;28,35000038;-55,50000000
136,71875000;1103,51562500;1694,82421875;-20,54999924;27,00000000;-49,79999924
-1726,07421875;-1226,56250000;-1090,82031250;-3,45000005;32,84999847;-56,84999847
374,51171875;1040,03906250;1588,86718750;-20,85000038;31,79999924;-51,15000153
-1908,69140625;-1390,62500000;-1793,45703125;-3,15000010;33,90000153;-57,90000153
591,79687500;979,49218750;1999,93896484;-27,45000076;33,75000000;-48,59999847
-1678,22265625;-1262,69531250;-2000,00000000;-7,50000000;44,25000000;-56,09999847
392,57812500;-1035,64453125;1999,93896484;-39,00000000;57,15000153;-35,40000153
-962,40234375;1999,93896484;-2000,00000000;-34,95000076;68,69999695;-29,85000038
-1836,91406250;-2000,00000000;-452,14843750;-48,75000000;37,65000153;2,09999990
1688,96484375;1999,93896484;483,39843750;-45,59999847;24,29999924;2,70000005
-365,72265625;-2000,00000000;-322,26562500;-37,04999924;8,25000000;3,45000005
1025,87890625;1352,05078125;758,30078125;-36,75000000;12,30000019;7,94999981
-442,87109375;-2000,00000000;79,10156250;-19,04999924;-3,15000010;10,35000038
822,75390625;1880,85937500;142,57812500;-29,70000076;2,54999995;-3,90000010
-708,49609375;-2000,00000000;-268,55468750;-5,09999990;-6,90000010;-2,84999990
1269,53125000;1999,93896484;645,99609375;-20,39999962;1,50000000;-23,39999962
-498,53515625;-2000,00000000;-2000,00000000;-1,04999995;-3,75000000;-24,45000076
-121,09375000;1999,93896484;1999,93896484;-20,39999962;22,20000076;-46,04999924
-360,35156250;-47,85156250;-2000,00000000;-8,69999981;21,60000038;-49,04999924
912,10937500;951,17187500;1186,03515625;-16,35000038;30,29999924;-49,95000076
-2000,00000000;732,42187500;-1813,96484375;-11,85000038;35,70000076;-50,70000076
-2000,00000000;473,14453125;-1686,52343750;-20,10000038;41,09999847;-48,90000153
240,72265625;-701,17187500;106,44531250;-47,84999847;31,20000076;-14,39999962
-1668,45703125;1999,93896484;-2000,00000000;-19,50000000;40,79999924;-50,25000000
-14,16015625;105,46875000;1999,93896484;-48,59999847;33,59999847;-1,20000005
695,31250000;-76,66015625;-2000,00000000;-31,64999962;34,20000076;-42,75000000
-12,20703125;945,80078125;1849,60937500;-47,40000153;36,29999924;-8,10000038
1547,85156250;-559,57031250;-1670,89843750;-49,04999924;35,25000000;-1,35000002
-838,37890625;842,28515625;1999,93896484;-47,40000153;41,70000076;-1,95000005
-1833,49609375;1999,93896484;-2000,00000000;-14,10000038;79,05000305;-31,35000038
-2000,00000000;-2000,00000000;1999,93896484;-39,45000076;65,25000000;-11,25000000
-115,72265625;1999,93896484;-1696,28906250;-28,95000076;78,30000305;-19,35000038
-1846,67968750;-2000,00000000;1999,93896484;-36,00000000;74,09999847;-9,44999981
-1824,21875000;1999,93896484;-1098,63281250;-17,70000076;85,80000305;-14,69999981
-2000,00000000;-2000,00000000;1999,93896484;-38,54999924;70,80000305;-2,70000005
-714,35546875;1704,58984375;-950,68359375;-34,20000076;74,55000305;-5,40000010
-2000,00000000;683,10546875;-97,16796875;-36,00000000;73,34999847;0,30000001
-352,53906250;181,64062500;-656,73828125;-37,04999924;73,94999695;1,50000000
-2000,00000000;1132,81250000;86,91406250;-29,85000038;78,15000153;0,15000001
-736,81640625;-856,44531250;165,52734375;-45,45000076;53,70000076;8,39999962
-2000,00000000;1999,93896484;837,40234375;-19,50000000;86,25000000;-1,50000000
-314,45312500;-2000,00000000;833,49609375;-45,45000076;49,95000076;8,69999981
-326,17187500;1999,93896484;-2000,00000000;-17,85000038;87,59999847;-4,65000010
236,32812500;-2000,00000000;1999,93896484;-44,09999847;54,29999924;8,85000038
-757,81250000;1999,93896484;-2000,00000000;-1,35000002;89,84999847;-6,15000010
-1999,51171875;-2000,00000000;1802,24609375;-40,50000000;63,29999924;5,40000010
-2000,00000000;1999,93896484;640,62500000;-5,84999990;88,65000153;-14,55000019
-1694,33593750;-2000,00000000;1999,93896484;-21,89999962;84,44999695;-3,15000010
-2000,00000000;1999,93896484;914,06250000;21,75000000;81,15000153;-21,00000000
-2000,00000000;-1034,66796875;108,39843750;13,50000000;85,50000000;-20,25000000
-2000,00000000;528,80859375;-575,68359375;19,79999924;84,75000000;-21,75000000
-2000,00000000;988,28125000;-712,40234375;31,95000076;75,30000305;-18,14999962
-1038,57421875;-1019,04296875;-912,10937500;2,54999995;87,90000153;-17,10000038
-2000,00000000;1999,93896484;669,43359375;43,20000076;55,65000153;-20,10000038
1381,34765625;-2000,00000000;235,35156250;2,09999990;83,40000153;-32,40000153
-2000,00000000;1999,93896484;-2000,00000000;40,34999847;42,75000000;-28,20000076
-1682,61718750;-2000,00000000;1999,93896484;9,00000000;73,50000000;-43,95000076
-1888,18359375;1999,93896484;-2000,00000000;31,64999962;42,15000153;-37,95000076
-1560,54687500;-338,37890625;-738,76953125;0,15000001;42,45000076;-54,90000153
-1222,65625000;-2000,00000000;213,37890625;-17,70000076;15,14999962;-43,95000076
-625,48828125;-1541,50390625;-2000,00000000;-12,44999981;1,20000005;-31,20000076
-1077,63671875;-786,62109375;1999,93896484;-37,50000000;7,65000010;-20,39999962
118,65234375;-1858,88671875;-2000,00000000;-23,25000000;-0,44999999;-18,00000000
-2000,00000000;1999,93896484;1999,93896484;-39,00000000;16,50000000;13,80000019
1999,93896484;-2000,00000000;-2000,00000000;-36,75000000;6,15000010;-10,19999981
-1838,37890625;1999,93896484;1999,93896484;-31,95000076;24,89999962;29,85000038
1999,93896484;-2000,00000000;-2000,00000000;-38,84999847;18,60000038;15,14999962
-2000,00000000;1320,31250000;1999,93896484;-28,04999924;26,70000076;33,00000000
1709,47265625;-2000,00000000;-875,00000000;-31,20000076;24,14999962;31,04999924
-1694,82421875;207,03125000;-307,61718750;-25,50000000;25,79999924;34,50000000
-1697,75390625;-493,16406250;1271,48437500;1,04999995;17,54999924;38,70000076
1999,93896484;-301,75781250;-676,26953125;-3,29999995;20,25000000;41,54999924
-2000,00000000;-557,12890625;1999,93896484;10,94999981;13,50000000;35,25000000
1999,93896484;-244,62890625;469,23828125;1,64999998;17,85000038;37,34999847
-2000,00000000;-1622,07031250;1999,93896484;11,55000019;12,30000019;35,09999847
1999,93896484;132,32421875;117,18750000;-2,70000005;18,14999962;37,34999847
-2000,00000000;-1009,76562500;1999,93896484;4,65000010;15,44999981;37,79999924
1761,23046875;331,54296875;-2,92968750;-12,14999962;17,25000000;36,15000153
-1442,87109375;-1439,45312500;250,48828125;-14,69999981;17,10000038;36,59999847
831,05468750;479,00390625;-873,53515625;-22,35000038;19,95000076;32,84999847
-164,06250000;-337,89062500;-707,03125000;-21,29999924;21,60000038;35,54999924
-148,92578125;-137,69531250;-688,96484375;-20,10000038;16,04999924;31,04999924
866,69921875;1855,95703125;-1231,44531250;-24,00000000;20,10000038;33,00000000
-1374,02343750;-337,40234375;-70,80078125;-19,35000038;11,39999962;31,79999924
1476,56250000;1622,07031250;-1055,66406250;-25,04999924;21,29999924;32,70000076
-1652,34375000;-2000,00000000;1999,93896484;-18,60000038;11,85000038;30,60000038
1999,93896484;1999,93896484;-1615,72265625;-24,14999962;21,45000076;31,79999924
-2000,00000000;-2000,00000000;1379,88281250;-12,89999962;9,14999962;30,29999924
1999,93896484;1911,13281250;-1443,84765625;-26,54999924;24,75000000;33,75000000
-2000,00000000;-2000,00000000;1999,93896484;-14,69999981;14,69999981;31,95000076
1999,93896484;1999,93896484;-1649,90234375;-30,29999924;28,50000000;30,45000076
-2000,00000000;-2000,00000000;1999,93896484;-20,85000038;20,25000000;33,90000153
1913,57421875;1875,97656250;-1070,31250000;-38,25000000;33,00000000;23,70000076
-486,32812500;-2000,00000000;1999,93896484;-34,04999924;27,00000000;26,10000038
615,72265625;1813,47656250;-1469,23828125;-42,00000000;45,29999924;17,54999924
511,71875000;-2000,00000000;795,89843750;-40,79999924;45,45000076;19,79999924
21,97265625;-548,33984375;-420,41015625;-40,50000000;63,00000000;10,94999981
-1624,02343750;1999,93896484;521,48437500;-24,75000000;81,15000153;8,85000038
1146,48437500;-1438,47656250;713,86718750;-32,70000076;72,15000153;10,50000000
-2000,00000000;1999,93896484;1999,93896484;-17,25000000;85,80000305;4,50000000
1999,93896484;-2000,00000000;56,15234375;-30,89999962;74,09999847;11,25000000
-2000,00000000;1999,93896484;823,73046875;0,00000000;89,84999847;-0,30000001
926,75781250;-1063,96484375;-618,16406250;-7,50000000;90,00000000;2,70000005
-1099,60937500;1678,71093750;55,66406250;1,04999995;90,59999847;-0,30000001
-1897,46093750;1999,93896484;-11,71875000;1,95000005;89,25000000;-1,20000005
902,83203125;-1350,09765625;-464,84375000;-26,54999924;79,65000153;8,85000038
-1212,89062500;1999,93896484;-159,17968750;-40,04999924;68,84999847;-4,50000000
-2000,00000000;-2000,00000000;1999,93896484;-31,79999924;15,44999981;23,54999924
1999,93896484;-440,91796875;-490,72265625;-24,75000000;14,69999981;27,14999962
-2000,00000000;-1401,36718750;1331,54296875;-1,64999998;17,10000038;36,29999924
1249,02343750;-827,14843750;332,03125000;0,00000000;20,70000076;38,25000000
-797,85156250;254,39453125;-948,73046875;4,94999981;18,89999962;38,54999924
-1108,39843750;208,49609375;126,95312500;12,44999981;16,20000076;36,59999847
1965,33203125;1328,12500000;-1285,15625000;2,54999995;22,64999962;39,45000076
-2000,00000000;-1466,79687500;651,36718750;24,75000000;14,39999962;28,20000076
1999,93896484;412,59765625;389,64843750;12,60000038;23,70000076;38,70000076
-2000,00000000;-2000,00000000;1999,93896484;26,25000000;19,35000038;31,50000000
1430,66406250;270,01953125;584,47265625;17,39999962;26,39999962;36,15000153
-2000,00000000;-584,96093750;54,19921875;24,00000000;24,00000000;34,79999924
-70,80078125;141,60156250;432,12890625;20,85000038;21,45000076;33,59999847
-298,82812500;185,54687500;-282,22656250;21,89999962;26,85000038;35,70000076
-1873,04687500;-914,06250000;1049,80468750;24,89999962;12,30000019;27,75000000
-263,18359375;1996,09375000;56,15234375;-22,35000038;17,25000000;31,79999924
1318,84765625;-2000,00000000;159,17968750;-41,54999924;46,95000076;18,45000076
-2000,00000000;995,11718750;450,68359375;-4,19999981;88,50000000;11,39999962
-81,05468750;1999,93896484;198,73046875;-2,70000005;91,19999695;1,20000005
60,05859375;-1154,78515625;-629,88281250;-12,89999962;86,84999847;10,94999981
-2000,00000000;1999,93896484;1606,93359375;27,29999924;81,15000153;-13,94999981
73,24218750;-2000,00000000;-953,12500000;-12,00000000;88,19999695;7,34999990
-2000,00000000;1593,75000000;1999,93896484;28,04999924;83,09999847;-9,30000019
-1180,17578125;1999,93896484;-1287,59765625;25,20000076;79,94999695;8,69999981
-1585,44921875;-1178,71093750;-1854,00390625;0,44999999;84,75000000;18,00000000
-2000,00000000;1168,94531250;845,70312500;33,29999924;75,44999695;-1,95000005
642,08984375;-2000,00000000;-2000,00000000;-28,50000000;74,69999695;15,89999962
-2000,00000000;1999,93896484;1878,90625000;31,04999924;76,19999695;6,75000000
-2000,00000000;-2000,00000000;910,15625000;-9,30000019;84,15000153;17,85000038
-2000,00000000;1999,93896484;612,79296875;15,14999962;85,65000153;6,90000010
-777,34375000;797,36328125;13,18359375;18,00000000;84,75000000;7,80000019
-142,08984375;-1002,44140625;-1533,20312500;-7,80000019;78,75000000;24,45000076
-2000,00000000;-93,75000000;1999,93896484;23,25000000;67,05000305;29,70000076
485,35156250;-2000,00000000;-2000,00000000;-24,29999924;57,00000000;35,54999924
-831,05468750;-126,46484375;1999,93896484;3,15000010;65,09999847;37,34999847
-754,88281250;517,57812500;617,67578125;1,04999995;58,79999924;40,95000076
-1847,65625000;811,03515625;-474,60937500;-6,30000019;57,59999847;40,50000000
-2000,00000000;-217,77343750;1999,93896484;28,79999924;52,79999924;34,79999924
270,99609375;-251,95312500;-2000,00000000;-26,39999962;45,59999847;35,40000153
-2000,00000000;1326,66015625;1999,93896484;33,45000076;56,84999847;27,75000000
-1779,78515625;549,31640625;-309,57031250;3,15000010;52,34999847;41,40000153
-2000,00000000;1137,20703125;-330,56640625;2,70000005;49,65000153;42,90000153
-1825,19531250;459,96093750;1408,20312500;28,04999924;55,04999924;33,75000000
-532,71484375;734,37500000;-2000,00000000;-22,35000038;50,70000076;37,20000076
-2000,00000000;388,18359375;1999,93896484;35,54999924;61,95000076;22,79999924
-1900,39062500;-484,37500000;-1629,88281250;-9,00000000;58,20000076;39,90000153
-2000,00000000;134,76562500;901,85546875;7,34999990;61,04999924;37,95000076
-2000,00000000;1116,21093750;1377,92968750;22,50000000;58,20000076;35,54999924
-1119,62890625;634,76562500;-1473,63281250;-16,20000076;52,04999924;40,34999847
-2000,00000000;-292,96875000;1999,93896484;35,09999847;59,70000076;23,85000038
931,15234375;-1116,69921875;-2000,00000000;-9,30000019;58,79999924;39,45000076
-2000,00000000;-1621,09375000;1999,93896484;15,89999962;65,69999695;35,40000153
-891,60156250;865,23437500;1611,81640625;11,85000038;61,79999924;39,45000076
-1152,34375000;608,88671875;-79,58984375;-5,09999990;60,59999847;41,25000000
-1759,27734375;-461,42578125;1999,93896484;23,39999962;65,25000000;33,59999847
627,44140625;1999,93896484;-2000,00000000;-7,19999981;37,79999924;45,75000000
-2000,00000000;-2000,00000000;1979,00390625;27,14999962;19,20000076;29,54999924
1659,17968750;-881,83593750;1999,93896484;25,95000076;2,25000000;13,50000000
-2000,00000000;-1699,70703125;-434,57031250;22,64999962;-1,04999995;7,19999981
-1705,07812500;-272,94921875;-370,60546875;21,60000038;-1,50000000;6,90000010
124,51171875;968,26171875;1057,61718750;10,05000019;-7,65000010;-2,09999990
-2000,00000000;-2000,00000000;-2000,00000000;33,45000076;7,19999981;-1,04999995
341,30859375;1999,93896484;1766,11328125;7,05000019;-7,94999981;6,15000010
-2000,00000000;-789,06250000;-769,04296875;23,85000038;-3,45000005;-9,44999981
-1308,10546875;113,28125000;-1307,12890625;25,79999924;36,75000000;-10,94999981
1803,71093750;1999,93896484;1999,93896484;-5,55000019;-9,60000038;-1,04999995
-2000,00000000;-2000,00000000;-2000,00000000;25,64999962;2,25000000;-11,69999981
-920,89843750;-236,81640625;1999,93896484;4,65000010;-8,25000000;-10,05000019
-1455,07812500;1037,59765625;665,03906250;-6,00000000;-6,30000019;-19,04999924
-2000,00000000;-292,48046875;-2000,00000000;10,35000038;-0,30000001;-27,75000000
1999,93896484;1999,93896484;1999,93896484;-39,45000076;12,30000019;2,54999995
-2000,00000000;-2000,00000000;-2000,00000000;3,15000010;0,89999998;-30,75000000
-2000,00000000;294,92187500;574,21875000;-27,89999962;4,50000000;-23,70000076
-544,92187500;621,09375000;167,48046875;-38,25000000;11,10000038;-13,80000019
-2000,00000000;-2000,00000000;-2000,00000000;-4,65000010;5,09999990;-38,09999847
1999,93896484;1999,93896484;1999,93896484;-48,29999924;27,14999962;-5,09999990
-2000,00000000;-2000,00000000;-2000,00000000;-8,85000038;2,54999995;-33,15000153
-1956,05468750;1708,49609375;-342,77343750;-36,75000000;11,39999962;-21,89999962
-860,35156250;1095,70312500;147,94921875;-34,79999924;8,25000000;-21,29999924
-1889,16015625;-841,79687500;-2000,00000000;-11,10000038;6,15000010;-38,25000000
1164,06250000;1999,93896484;1999,93896484;-45,00000000;22,95000076;-12,00000000
-1860,83984375;-2000,00000000;-2000,00000000;-6,44999981;4,34999990;-35,25000000
-954,58984375;1999,93896484;162,59765625;-39,45000076;13,80000019;-20,70000076
-1275,87890625;503,90625000;-80,07812500;-31,95000076;7,94999981;-20,70000076
-1438,96484375;-954,10156250;-2000,00000000;-9,00000000;1,64999998;-30,75000000
1899,41406250;1999,93896484;1393,06640625;-43,65000153;17,85000038;-8,85000038
-1751,46484375;-2000,00000000;-2000,00000000;-10,94999981;-1,20000005;-28,64999962
-2000,00000000;1387,20703125;-296,87500000;-37,20000076;16,04999924;-29,25000000
196,28906250;7,32421875;865,72265625;-42,00000000;20,25000000;-16,35000038
-1285,15625000;-2000,00000000;-940,91796875;-37,34999847;11,69999981;-12,14999962
-706,54296875;1999,93896484;-2000,00000000;-40,79999924;53,54999924;-30,75000000
709,47265625;-2000,00000000;1562,98828125;-46,34999847;27,75000000;-14,69999981
-2000,00000000;1999,93896484;-2000,00000000;-30,89999962;66,00000000;-34,65000153
1380,37109375;-1401,85546875;433,59375000;-35,84999847;64,65000153;-29,39999962
-442,38281250;-588,37890625;-433,59375000;-26,54999924;68,84999847;-36,00000000
-687,50000000;615,23437500;-582,03125000;-15,75000000;76,19999695;-37,04999924
1999,93896484;-1632,32421875;1999,93896484;-23,54999924;72,00000000;-33,00000000
-2000,00000000;1999,93896484;-2000,00000000;-2,09999990;78,75000000;-38,70000076
1805,17578125;-23,92578125;7,81250000;-19,64999962;77,25000000;-34,34999847
-1362,79296875;389,64843750;-877,92968750;-14,39999962;79,05000305;-36,15000153
-604,98046875;579,58984375;526,36718750;-10,35000038;82,50000000;-34,34999847
1999,93896484;-2000,00000000;1999,93896484;-34,04999924;75,90000153;-11,39999962
-1581,05468750;1999,93896484;-2000,00000000;-37,79999924;71,25000000;-5,55000019
-2000,00000000;-2000,00000000;-2000,00000000;-26,54999924;-0,15000001;1,50000000
431,64062500;1999,93896484;350,09765625;-31,95000076;2,54999995;-9,75000000
-2000,00000000;-778,32031250;2,92968750;-5,69999981;-7,80000019;-13,94999981
-1665,03906250;-833,49609375;-2000,00000000;15,44999981;2,84999990;-28,20000076
1999,93896484;1999,93896484;940,91796875;-28,50000000;3,59999990;-21,00000000
-2000,00000000;-2000,00000000;-2000,00000000;25,79999924;3,15000010;-19,79999924
-892,08984375;-1489,74609375;-296,87500000;19,64999962;2,25000000;-25,50000000
1063,47656250;1025,39062500;1514,64843750;-24,29999924;-0,44999999;-15,14999962
-793,45703125;-2000,00000000;-61,03515625;22,79999924;-1,20000005;-8,85000038
356,93359375;385,74218750;310,54687500;-3,45000005;-7,34999990;-11,10000038
-1883,30078125;-1555,17578125;546,87500000;9,44999981;-7,34999990;-8,85000038
-1003,90625000;-910,15625000;-679,19921875;14,39999962;-1,79999995;-9,75000000
321,28906250;1999,93896484;389,16015625;-16,64999962;4,50000000;-31,35000038
-1578,12500000;-1402,34375000;-2000,00000000;2,84999990;2,25000000;-36,15000153
-261,71875000;-711,91406250;-926,26953125;-4,05000019;13,80000019;-47,40000153
-367,18750000;51,75781250;1109,86328125;-13,50000000;27,45000076;-51,00000000
-466,30859375;-679,68750000;-2000,00000000;12,44999981;22,35000038;-48,00000000
-1082,03125000;1586,42578125;1823,24218750;-7,19999981;31,95000076;-52,34999847
1049,80468750;-1618,16406250;-2000,00000000;4,94999981;24,00000000;-53,09999847
-16,60156250;-179,19921875;-213,37890625;0,15000001;26,25000000;-52,34999847
-994,14062500;-124,51171875;142,57812500;0,00000000;29,54999924;-51,45000076
979,98046875;-656,25000000;-2000,00000000;6,30000019;21,00000000;-49,95000076
-2000,00000000;1956,05468750;1731,93359375;-2,70000005;31,20000076;-52,04999924
1229,00390625;-1061,03515625;-2000,00000000;4,05000019;25,64999962;-51,45000076
7,32421875;370,11718750;-241,69921875;-4,80000019;39,90000153;-54,45000076
-1537,10937500;535,64453125;1999,93896484;-7,34999990;57,59999847;-49,34999847
312,50000000;1999,93896484;-2000,00000000;25,50000000;55,04999924;-46,95000076
-633,78906250;300,78125000;1999,93896484;7,94999981;58,50000000;-50,54999924
-1191,40625000;1999,93896484;-2000,00000000;27,89999962;51,75000000;-43,50000000
-895,99609375;-750,97656250;1443,35937500;15,14999962;64,05000305;-45,29999924
-1586,42578125;-713,37890625;1342,77343750;19,35000038;67,94999695;-36,90000153
-1217,77343750;1999,93896484;-2000,00000000;42,75000000;50,25000000;-27,29999924
-432,61718750;-2000,00000000;1999,93896484;19,64999962;71,40000153;-35,70000076
-1938,96484375;1999,93896484;-2000,00000000;38,25000000;49,50000000;-34,65000153
-1712,89062500;-55,66406250;1094,72656250;26,25000000;58,50000000;-44,40000153
-1068,35937500;-610,35156250;1670,41015625;14,25000000;64,65000153;-45,75000000
-1226,07421875;-73,24218750;-2000,00000000;26,54999924;36,59999847;-46,50000000
-2000,00000000;1999,93896484;1999,93896484;-19,35000038;22,95000076;-47,84999847
1617,67578125;-2000,00000000;-2000,00000000;-1,95000005;12,75000000;-47,25000000
-1223,14453125;-294,43359375;-743,16406250;-29,39999962;13,05000019;-35,40000153
-1013,67187500;-715,33203125;431,64062500;-35,70000076;14,55000019;-27,75000000
-213,37890625;-1139,64843750;-2000,00000000;-29,54999924;11,25000000;-33,75000000
-1291,01562500;1999,93896484;1999,93896484;-47,25000000;24,14999962;-3,59999990
1999,93896484;-1569,33593750;-2000,00000000;-39,75000000;16,50000000;-25,50000000
-1295,41015625;885,74218750;51,26953125;-46,95000076;29,85000038;6,15000010
888,67187500;-746,58203125;539,55078125;-41,84999847;37,34999847;19,79999924
-320,31250000;874,02343750;1287,10937500;-45,00000000;39,15000153;9,44999981
-2000,00000000;1999,93896484;-258,30078125;-48,00000000;32,25000000;-14,55000019
397,94921875;-1599,12109375;-60,05859375;-44,84999847;34,65000153;15,14999962
706,05468750;-1013,18359375;237,30468750;-49,34999847;39,29999924;4,50000000
313,47656250;945,80078125;-700,68359375;-47,40000153;65,84999847;-9,60000038
652,34375000;406,25000000;-1211,42578125;-39,29999924;66,30000305;-30,45000076
524,90234375;80,07812500;-1562,01171875;-29,70000076;57,90000153;-48,15000153
1078,12500000;-1445,80078125;1999,93896484;-40,04999924;44,25000000;-39,59999847
-1162,59765625;63,96484375;654,78515625;-33,90000153;26,39999962;-40,50000000
-637,20703125;-65,42968750;400,39062500;-32,70000076;19,50000000;-37,95000076
889,16015625;1370,11718750;1342,28515625;-39,29999924;21,29999924;-32,25000000
-470,21484375;-1902,34375000;-2000,00000000;-20,54999924;4,80000019;-37,04999924
1337,40234375;1999,93896484;581,54296875;-43,34999847;16,20000076;-18,75000000
-627,92968750;-1736,81640625;40,52734375;-34,20000076;3,75000000;-19,64999962
1041,50390625;838,86718750;-1329,10156250;-41,09999847;14,39999962;-22,79999924
678,71093750;1999,93896484;-451,17187500;-46,20000076;18,75000000;-12,00000000
159,66796875;-2000,00000000;709,47265625;-38,54999924;8,25000000;-15,89999962
1661,62109375;1368,16406250;-1723,14453125;-41,84999847;10,50000000;-6,00000000
-731,93359375;11,23046875;596,67968750;-39,29999924;7,80000019;5,25000000
429,68750000;-712,89062500;-403,32031250;-37,04999924;19,64999962;22,79999924
1038,08593750;-232,91015625;-2000,00000000;-45,45000076;24,89999962;13,05000019
-2000,00000000;1999,93896484;1999,93896484;-18,14999962;49,50000000;44,09999847
1599,12109375;-997,07031250;-1062,01171875;-36,29999924;46,20000076;30,14999962
-1656,25000000;1123,04687500;833,98437500;-31,04999924;51,59999847;33,45000076
-504,88281250;-880,85937500;-484,86328125;-21,00000000;48,59999847;41,84999847
829,58984375;-1397,94921875;-1286,62109375;-33,15000153;46,50000000;33,90000153
-694,82421875;1346,67968750;1999,93896484;-21,75000000;35,84999847;40,65000153
924,80468750;269,53125000;322,75390625;-41,09999847;27,00000000;17,70000076
-249,51171875;16,60156250;1999,93896484;-45,59999847;35,54999924;-24,89999962
-1353,51562500;1999,93896484;-220,70312500;-9,60000038;78,00000000;-36,45000076
-370,11718750;356,93359375;482,42187500;-14,85000038;85,19999695;-20,39999962
-1298,82812500;-678,71093750;-987,30468750;-4,05000019;91,05000305;-8,69999981
-2000,00000000;1999,93896484;1661,13281250;25,95000076;85,19999695;-4,65000010
792,96875000;-2000,00000000;1596,19140625;-19,04999924;84,75000000;-21,29999924
-2000,00000000;1457,03125000;1975,09765625;7,34999990;89,84999847;-18,89999962
-1290,52734375;665,52734375;822,75390625;23,10000038;86,40000153;-10,50000000
1974,60937500;-2000,00000000;-15,62500000;-24,14999962;82,50000000;-23,39999962
-2000,00000000;1999,93896484;374,02343750;29,54999924;81,59999847;-13,94999981
-1319,33593750;1020,99609375;-447,75390625;3,29999995;92,25000000;-22,20000076
-1277,34375000;-2000,00000000;1742,67578125;-35,40000153;28,04999924;-39,75000000
171,38671875;1934,08203125;-2000,00000000;1,95000005;42,00000000;-60,45000076
-1,95312500;-1229,49218750;1999,93896484;-19,79999924;22,04999924;-56,40000153
196,28906250;633,78906250;-2000,00000000;14,10000038;38,40000153;-63,59999847
166,50390625;-1697,75390625;252,92968750;4,05000019;37,65000153;-64,94999695
-479,49218750;1691,40625000;-2000,00000000;22,79999924;41,25000000;-62,25000000
357,42187500;-1511,71875000;450,68359375;-0,15000001;50,84999847;-64,05000305
-494,62890625;1650,87890625;-2000,00000000;18,89999962;39,15000153;-64,65000153
421,87500000;-1811,03515625;1999,93896484;-5,40000010;38,54999924;-63,75000000
52,24609375;1999,93896484;-2000,00000000;-1,35000002;24,14999962;-60,29999924
73,73046875;-356,44531250;1223,14453125;-33,15000153;6,44999981;-31,35000038
1197,26562500;-703,61328125;245,60546875;-45,59999847;15,89999962;-16,20000076
534,17968750;130,85937500;-519,04296875;-48,29999924;25,35000038;-6,90000010
394,53125000;538,57421875;1110,35156250;-49,50000000;35,70000076;8,39999962
621,09375000;595,70312500;-1251,46484375;-47,40000153;40,50000000;2,25000000
-91,30859375;-565,42968750;1750,00000000;-46,50000000;43,04999924;10,19999981
711,91406250;1999,93896484;-1095,70312500;-46,34999847;57,00000000;-9,60000038
375,00000000;-2000,00000000;1653,32031250;-47,40000153;42,00000000;1,20000005
534,17968750;1999,93896484;-592,28515625;-40,79999924;64,05000305;-6,44999981
100,09765625;-1573,24218750;529,78515625;-42,90000153;61,20000076;0,44999999
-463,86718750;-569,33593750;34,66796875;-33,59999847;76,94999695;3,45000005
-323,73046875;1999,93896484;-1752,92968750;4,80000019;91,80000305;-28,50000000
382,32421875;-2000,00000000;589,84375000;-5,69999981;82,34999847;-43,95000076
9,27734375;1999,93896484;-1280,76171875;15,75000000;70,05000305;-54,15000153
654,29687500;-295,41015625;-727,53906250;-1,79999995;60,59999847;-60,29999924
240,23437500;312,50000000;-1482,42187500;8,85000038;52,95000076;-63,15000153
265,13671875;-134,76562500;-914,55078125;11,55000019;46,50000000;-62,84999847
278,32031250;-15,62500000;-981,44531250;16,20000076;44,70000076;-63,29999924
-47,85156250;7,81250000;-2000,00000000;28,79999924;40,79999924;-57,90000153
122,07031250;97,65625000;-628,41796875;31,64999962;41,09999847;-56,25000000
24,90234375;-28,32031250;-985,83984375;31,35000038;40,50000000;-54,90000153
28,32031250;-25,39062500;-975,09765625;32,54999924;39,29999924;-56,09999847
32,71484375;-18,55468750;-1007,32421875;32,40000153;40,65000153;-55,79999924
31,73828125;-30,27343750;-1010,25390625;33,15000153;38,70000076;-55,50000000
36,62109375;-21,97265625;-1005,37109375;31,95000076;39,15000153;-54,75000000
29,78515625;-11,23046875;-1009,27734375;32,54999924;40,50000000;-54,59999847
22,94921875;-28,32031250;-1009,76562500;31,35000038;40,50000000;-54,15000153
30,27343750;-15,13671875;-998,04687500;33,29999924;39,00000000;-55,65000153
36,13281250;-15,62500000;-999,51171875;31,64999962;40,65000153;-54,00000000
36,13281250;-20,01953125;-1001,95312500;31,04999924;40,04999924;-55,34999847
38,57421875;-20,99609375;-1002,44140625;32,84999847;39,75000000;-55,34999847
36,13281250;-16,11328125;-1015,13671875;32,09999847;40,04999924;-54,59999847
31,73828125;-19,04296875;-1027,83203125;31,04999924;39,29999924;-54,90000153
33,20312500;-15,62500000;-1023,43750000;32,84999847;40,04999924;-55,34999847
30,27343750;-22,94921875;-991,21093750;33,29999924;38,54999924;-55,34999847
26,36718750;-24,90234375;-1001,46484375;31,64999962;39,90000153;-55,50000000
28,80859375;-10,25390625;-955,56640625;31,20000076;40,65000153;-54,45000076
38,08593750;-18,55468750;-981,93359375;31,95000076;40,65000153;-54,75000000
15,13671875;-16,60156250;-1010,74218750;33,29999924;40,50000000;-54,90000153
13,67187500;-17,57812500;-1008,78906250;32,09999847;39,75000000;-55,65000153